post_id,comment_index,username,comment
,0,Bynd gains,Just a little update. I didn't take profit when it was at 6$ (it was Capy's price target) thinking it'll go way higher. After the big dip I saw the sentiment for a big squeeze declining and got out at close yesterday. Could have made 400% but due to greed got 80% profit. Lesson learned. Hedgefunds won't let another GME happen.
,1,No comments yet,No comments yet
,0,Bynd gains,Just a little update. I didn't take profit when it was at 6$ (it was Capy's price target) thinking it'll go way higher. After the big dip I saw the sentiment for a big squeeze declining and got out at close yesterday. Could have made 400% but due to greed got 80% profit. Lesson learned. Hedgefunds won't let another GME happen.
,1,No comments yet,No comments yet
,0,Bynd gains,Just a little update. I didn't take profit when it was at 6$ (it was Capy's price target) thinking it'll go way higher. After the big dip I saw the sentiment for a big squeeze declining and got out at close yesterday. Could have made 400% but due to greed got 80% profit. Lesson learned. Hedgefunds won't let another GME happen.
,1,No comments yet,No comments yet
,0,Bynd gains,Just a little update. I didn't take profit when it was at 6$ (it was Capy's price target) thinking it'll go way higher. After the big dip I saw the sentiment for a big squeeze declining and got out at close yesterday. Could have made 400% but due to greed got 80% profit. Lesson learned. Hedgefunds won't let another GME happen.
,1,No comments yet,No comments yet
,0,Bynd gains,Just a little update. I didn't take profit when it was at 6$ (it was Capy's price target) thinking it'll go way higher. After the big dip I saw the sentiment for a big squeeze declining and got out at close yesterday. Could have made 400% but due to greed got 80% profit. Lesson learned. Hedgefunds won't let another GME happen.
,1,No comments yet,No comments yet
,0,Bynd gains,Just a little update. I didn't take profit when it was at 6$ (it was Capy's price target) thinking it'll go way higher. After the big dip I saw the sentiment for a big squeeze declining and got out at close yesterday. Could have made 400% but due to greed got 80% profit. Lesson learned. Hedgefunds won't let another GME happen.
,1,No comments yet,No comments yet
,0,Bynd gains,Just a little update. I didn't take profit when it was at 6$ (it was Capy's price target) thinking it'll go way higher. After the big dip I saw the sentiment for a big squeeze declining and got out at close yesterday. Could have made 400% but due to greed got 80% profit. Lesson learned. Hedgefunds won't let another GME happen.
,1,No comments yet,No comments yet
,0,Bynd gains,Just a little update. I didn't take profit when it was at 6$ (it was Capy's price target) thinking it'll go way higher. After the big dip I saw the sentiment for a big squeeze declining and got out at close yesterday. Could have made 400% but due to greed got 80% profit. Lesson learned. Hedgefunds won't let another GME happen.
,1,No comments yet,No comments yet
,0,Bynd gains,Just a little update. I didn't take profit when it was at 6$ (it was Capy's price target) thinking it'll go way higher. After the big dip I saw the sentiment for a big squeeze declining and got out at close yesterday. Could have made 400% but due to greed got 80% profit. Lesson learned. Hedgefunds won't let another GME happen.
,1,No comments yet,No comments yet
,0,Bynd gains,Just a little update. I didn't take profit when it was at 6$ (it was Capy's price target) thinking it'll go way higher. After the big dip I saw the sentiment for a big squeeze declining and got out at close yesterday. Could have made 400% but due to greed got 80% profit. Lesson learned. Hedgefunds won't let another GME happen.
,1,No comments yet,No comments yet
,0,M00,I think there will be a rotation into crypto for the rest of the year and gold will be back booming in January when they rotate back
,1,Tip,$GLD is my next $AAPL . I’m sad that I didn’t invest more but I’m 100% sure it will print.
,2,10 gold posts a day? Wth!! 😅,10 gold posts a day? Wth!! 😅
,3,,I think there will be a rotation into crypto for the rest of the year and gold will be back booming in January when they rotate back
,4,TerrifiedOfAI,TerrifiedOfAI
,5,Tell me why!,Tell me why!
,0,Bynd gains,Just a little update. I didn't take profit when it was at 6$ (it was Capy's price target) thinking it'll go way higher. After the big dip I saw the sentiment for a big squeeze declining and got out at close yesterday. Could have made 400% but due to greed got 80% profit. Lesson learned. Hedgefunds won't let another GME happen.
,0,Bynd gains,Just a little update. I didn't take profit when it was at 6$ (it was Capy's price target) thinking it'll go way higher. After the big dip I saw the sentiment for a big squeeze declining and got out at close yesterday. Could have made 400% but due to greed got 80% profit. Lesson learned. Hedgefunds won't let another GME happen.
,0,Bynd gains,Just a little update. I didn't take profit when it was at 6$ (it was Capy's price target) thinking it'll go way higher. After the big dip I saw the sentiment for a big squeeze declining and got out at close yesterday. Could have made 400% but due to greed got 80% profit. Lesson learned. Hedgefunds won't let another GME happen.
,0,Bynd gains,Just a little update. I didn't take profit when it was at 6$ (it was Capy's price target) thinking it'll go way higher. After the big dip I saw the sentiment for a big squeeze declining and got out at close yesterday. Could have made 400% but due to greed got 80% profit. Lesson learned. Hedgefunds won't let another GME happen.
,0,Bynd gains,Just a little update. I didn't take profit when it was at 6$ (it was Capy's price target) thinking it'll go way higher. After the big dip I saw the sentiment for a big squeeze declining and got out at close yesterday. Could have made 400% but due to greed got 80% profit. Lesson learned. Hedgefunds won't let another GME happen.
,0,Bynd gains,Just a little update. I didn't take profit when it was at 6$ (it was Capy's price target) thinking it'll go way higher. After the big dip I saw the sentiment for a big squeeze declining and got out at close yesterday. Could have made 400% but due to greed got 80% profit. Lesson learned. Hedgefunds won't let another GME happen.
,0,Bynd gains,Just a little update. I didn't take profit when it was at 6$ (it was Capy's price target) thinking it'll go way higher. After the big dip I saw the sentiment for a big squeeze declining and got out at close yesterday. Could have made 400% but due to greed got 80% profit. Lesson learned. Hedgefunds won't let another GME happen.
,0,M00,I think there will be a rotation into crypto for the rest of the year and gold will be back booming in January when they rotate back
,1,Tip,$GLD is my next $AAPL . I’m sad that I didn’t invest more but I’m 100% sure it will print.
,2,10 gold posts a day? Wth!! 😅,10 gold posts a day? Wth!! 😅
,3,,I think there will be a rotation into crypto for the rest of the year and gold will be back booming in January when they rotate back
,4,TerrifiedOfAI,TerrifiedOfAI
,5,Tell me why!,Tell me why!
,0,Bynd gains,Just a little update. I didn't take profit when it was at 6$ (it was Capy's price target) thinking it'll go way higher. After the big dip I saw the sentiment for a big squeeze declining and got out at close yesterday. Could have made 400% but due to greed got 80% profit. Lesson learned. Hedgefunds won't let another GME happen.
