id,author,time,content,likes,comments,bounds,content_desc,comment_count
,MASTERMIN,1m￼,"•, 1m￼, One of the hardest lessons I learned: You can’t control what the market does only how you react. Once I accepted that, trading got a lot less stressful. Control your emotions, not the candles.",1,4,"[0,357][1080,1019]","•, 1m￼, One of the hardest lessons I learned: You can’t control what the market does only how you react. Once I accepted that, trading got a lot less stressful. Control your emotions, not the candles.",2
,💎,,💎,,,"[42,402][137,497]",,2
,MASTERMIN,,MASTERMIN,,,"[168,399][403,452]",,2
,YOLO,,YOLO,,,"[168,452][257,500]",YOLO,2
,4,,4,4,,"[168,922][258,974]",4,0
,0,,0,0,,"[300,922][392,974]",0,0
,$737,3h￼,"3h￼, Full regard. Full port into $BYND., And if I don’t make it, its been a pleasure serving with you regards. 🫡",737,3,"[0,1019][1080,1528]","3h￼, Full regard. Full port into $BYND., And if I don’t make it, its been a pleasure serving with you regards. 🫡",0
,$737,,peachsoda,737,,"[168,1061][515,1114]",,0
,32,,32,32,,"[168,1431][279,1484]",32,0
,33,,33,33,,"[321,1431][433,1484]",33,0
,StocksGODfather,20h￼,"20h￼, I don’t even like buying shares but I’ll take 24K, Light camera action, 14, 13, 4, 1",20,24,"[0,1528][1080,2208]","20h￼, I don’t even like buying shares but I’ll take 24K, Light camera action, 14, 13, 4, 1",0
,🎉,,🎉,,,"[42,1573][137,1668]",,0
,StocksGODfather,,StocksGODfather,,,"[168,1570][492,1623]",,0
,For You,,For You,,,"[177,262][317,354]",For You,2
,,,Following,,,"[725,262][903,354]",Following,2
,99+,,99+,99+,,"[864,2211][1080,2337]",99+,0
,💎,,30 Following,0,30,"[53,315][876,730]","💎, bellalleb",2
,,,0 Followers,0,,"[106,625][313,678]",0 Followers,2
,,,30 Following,30,,"[355,625][583,678]",30 Following,2
,Connect,,"Portfolio, Connect",,,"[53,762][449,978]","Portfolio, Connect",0
,"1,110￼",,"Wallet, 1,110￼",1110,,"[481,762][877,978]","Wallet, 1,110￼",0
,,,Tips,,,"[53,1062][876,1136]",Tips,0
,,,Saved,,,"[53,1189][876,1263]",Saved,0
,,,Watchlist,,,"[53,1315][876,1389]",Watchlist,0
,,,Settings,,,"[53,1442][876,1516]",Settings,0
,,,Support,,,"[53,1568][876,1642]",Support,0
,,,"Invite friends, get 100,000 coins",,,"[53,2148][876,2337]","Invite friends, get 100,000 coins",0
,StocksGODfather,20h￼,"20h￼, I don’t even like buying shares but I’ll take 24K, Light camera action",20,24,"[0,136][1080,1489]","20h￼, I don’t even like buying shares but I’ll take 24K, Light camera action",0
,14,,14,14,,"[168,1392][272,1444]",14,0
,13,,13,13,,"[314,1392][419,1444]",13,0
,1,,1,1,,"[593,1392][675,1444]",1,0
,longwashere,10h￼,"10h￼, How has your life changed after being a profitable trader?, Just curious. Feels like my life style creep never kicked in. Besides paying for meals and dinners for people I care about.",10,63,"[0,1489][1080,2109]","10h￼, How has your life changed after being a profitable trader?, Just curious. Feels like my life style creep never kicked in. Besides paying for meals and dinners for people I care about.",0
,longwashere,,longwashere,,,"[168,1531][448,1584]",,0
,63,,63,63,,"[168,2012][280,2065]",63,0
,112,,112,112,,"[322,2012][439,2065]",112,0
,capalo,20h￼,"20h￼, $VIVK, Vivakor just closed a $40M commodity intermediation facility, which is a solid boost for the company moving forward. I’m keeping a close eye on this one as long as $0.275 holds, I like the setup. A clean break over $0.30 could be the start of that next leg higher I’ve been waiting for., 19, 1, 1",20,,"[0,2109][1080,2208]","20h￼, $VIVK, Vivakor just closed a $40M commodity intermediation facility, which is a solid boost for the company moving forward. I’m keeping a close eye on this one as long as $0.275 holds, I like the setup. A clean break over $0.30 could be the start of that next leg higher I’ve been waiting for., 19, 1, 1",0
,capalo,,capalo,,,"[168,2151][292,2204]",,0
,112,10h￼,"10h￼, How has your life changed after being a profitable trader?, Just curious. Feels like my life style creep never kicked in. Besides paying for meals and dinners for people I care about.",10,63,"[0,136][1080,614]","10h￼, How has your life changed after being a profitable trader?, Just curious. Feels like my life style creep never kicked in. Besides paying for meals and dinners for people I care about.",2
,capalo,20h￼,"20h￼, $VIVK, Vivakor just closed a $40M commodity intermediation facility, which is a solid boost for the company moving forward. I’m keeping a close eye on this one as long as $0.275 holds, I like the setup. A clean break over $0.30 could be the start of that next leg higher I’ve been waiting for.",20,19,"[0,614][1080,1282]","20h￼, $VIVK, Vivakor just closed a $40M commodity intermediation facility, which is a solid boost for the company moving forward. I’m keeping a close eye on this one as long as $0.275 holds, I like the setup. A clean break over $0.30 could be the start of that next leg higher I’ve been waiting for.",0
,19,,19,19,,"[168,1185][272,1237]",19,0
,YungEmber,$1.9M,"•, 9h￼, I sleep like a baby dragon at night because…, of the deep due diligence… nah fuck that bs. It’s because my port is now 100% small caps and none of them trade on 24 hour market. The market can’t hurt you if it’s not open. 🧠🧠🧠, 94, 33, 2, 1",19,9,"[0,1282][1080,2208]","•, 9h￼, I sleep like a baby dragon at night because…, of the deep due diligence… nah fuck that bs. It’s because my port is now 100% small caps and none of them trade on 24 hour market. The market can’t hurt you if it’s not open. 🧠🧠🧠, 94, 33, 2, 1",0
,YungEmber,$1.9M,YungEmber,19,,"[168,1324][545,1377]",,0
,Funny,,Funny,,,"[168,1377][266,1425]",Funny,0
,1,,"Funny, •, 9h￼, I sleep like a baby dragon at night because…, of the deep due diligence… nah fuck that bs. It’s because my port is now 100% small caps and none of them trade on 24 hour market. The market can’t hurt you if it’s not open. 🧠🧠🧠",10024,94,"[0,136][1080,1364]","Funny, •, 9h￼, I sleep like a baby dragon at night because…, of the deep due diligence… nah fuck that bs. It’s because my port is now 100% small caps and none of them trade on 24 hour market. The market can’t hurt you if it’s not open. 🧠🧠🧠",0
,94,,94,94,,"[168,1267][280,1319]",94,0
,2,,2,2,,"[476,1267][565,1319]",2,0
,$58.7K,9h￼edited,"9h￼edited, I do have a small position with $FEMY, Last week I asked for a women’s perspective on $FEMY. After looking at the comments and doing some additional DD, I took a small 1000 share position with the company. I do believe in giving more options to women. This isn’t a play I’ll actively promote, but it is one I plan to hold for a while. afterhour.com/TRON/6hU/could-a..., 20, 13, 1",587,9,"[0,1364][1080,2208]","9h￼edited, I do have a small position with $FEMY, Last week I asked for a women’s perspective on $FEMY. After looking at the comments and doing some additional DD, I took a small 1000 share position with the company. I do believe in giving more options to women. This isn’t a play I’ll actively promote, but it is one I plan to hold for a while. afterhour.com/TRON/6hU/could-a..., 20, 13, 1",0
,$58.7K,,$58.7K,587,,"[168,1406][457,1459]",,0
,afterhour.com,,"9h￼edited, I do have a small position with $FEMY, Last week I asked for a women’s perspective on $FEMY. After looking at the comments and doing some additional DD, I took a small 1000 share position with the company. I do believe in giving more options to women. This isn’t a play I’ll actively promote, but it is one I plan to hold for a while. afterhour.com/TRON/6hU/could-a...",10006,60780,"[0,136][1080,1616]","9h￼edited, I do have a small position with $FEMY, Last week I asked for a women’s perspective on $FEMY. After looking at the comments and doing some additional DD, I took a small 1000 share position with the company. I do believe in giving more options to women. This isn’t a play I’ll actively promote, but it is one I plan to hold for a while. afterhour.com/TRON/6hU/could-a...",0
,FEMY,,"FEMY, $607.80, 5.25%, today, 9.71%, total",60780,525,"[168,730][1038,1010]","FEMY, $607.80, 5.25%, today, 9.71%, total",0
,20,,20,20,,"[168,1519][280,1571]",20,0
,Zen_,6h￼,"•, 6h￼, If $AAPL hits 295 tomorrow…, I’ll be a millionaire 13% move Most likely WILL NOT happen But if it does, let’s just say I have some contracts. Even a 5% day to 273 I’ll be up $100k If nothing 🍔, I barely lose See everyone tomorrow! Good night 🌙",6,295,"[0,1616][1080,2208]","•, 6h￼, If $AAPL hits 295 tomorrow…, I’ll be a millionaire 13% move Most likely WILL NOT happen But if it does, let’s just say I have some contracts. Even a 5% day to 273 I’ll be up $100k If nothing 🍔, I barely lose See everyone tomorrow! Good night 🌙",0
,Zen_,,Zen_,,,"[168,1658][301,1711]",,0
,Discuss,,Discuss,,,"[168,1711][293,1759]",Discuss,0
,26,,26,26,,"[168,2187][279,2208]",26,0
,35,,35,35,,"[321,2187][433,2208]",35,0
,3,,3,3,,"[596,2187][686,2208]",3,0
,1,,"9h￼edited, I do have a small position with $FEMY, Last week I asked for a women’s perspective on $FEMY. After looking at the comments and doing some additional DD, I took a small 1000 share position with the company. I do believe in giving more options to women. This isn’t a play I’ll actively promote, but it is one I plan to hold for a while. afterhour.com/TRON/6hU/could-a...",20,13,"[0,136][1080,185]","9h￼edited, I do have a small position with $FEMY, Last week I asked for a women’s perspective on $FEMY. After looking at the comments and doing some additional DD, I took a small 1000 share position with the company. I do believe in giving more options to women. This isn’t a play I’ll actively promote, but it is one I plan to hold for a while. afterhour.com/TRON/6hU/could-a...",6
,$399.6K,7h￼,"•, 7h￼, Starting $10K to $1M Challenge 🍼, Hi y’all! I have called the bottom on my last few posts on various stocks ($HOOD, $SOFI, $ASTS, $NFLX) and I don’t think I’ve been using enough leverage. Therefore, I will be buying 2-4 week OTM call options when I am 100% sure something has temporarily bottomed in addition to my typical 6 month ATM call options to see if I can pull off an @x52x. My first play will likely be Monday / Tuesday if we see a substantial dip before the rip. My mentor once said: “the only thing standing between you and your goal is the bullshit story you keep telling yourself as to why you can't achieve it” 🥛, 30, 24, 4",3996,7,"[0,853][1080,2208]","•, 7h￼, Starting $10K to $1M Challenge 🍼, Hi y’all! I have called the bottom on my last few posts on various stocks ($HOOD, $SOFI, $ASTS, $NFLX) and I don’t think I’ve been using enough leverage. Therefore, I will be buying 2-4 week OTM call options when I am 100% sure something has temporarily bottomed in addition to my typical 6 month ATM call options to see if I can pull off an @x52x. My first play will likely be Monday / Tuesday if we see a substantial dip before the rip. My mentor once said: “the only thing standing between you and your goal is the bullshit story you keep telling yourself as to why you can't achieve it” 🥛, 30, 24, 4",0
,$399.6K,,GeneralMilkert,3996,,"[168,895][656,948]",,0
,24,,"YOLO, •, 7h￼, Starting $10K to $1M Challenge 🍼, Hi y’all! I have called the bottom on my last few posts on various stocks ($HOOD, $SOFI, $ASTS, $NFLX) and I don’t think I’ve been using enough leverage. Therefore, I will be buying 2-4 week OTM call options when I am 100% sure something has temporarily bottomed in addition to my typical 6 month ATM call options to see if I can pull off an @x52x. My first play will likely be Monday / Tuesday if we see a substantial dip before the rip. My mentor once said: “the only thing standing between you and your goal is the bullshit story you keep telling yourself as to why you can't achieve it” 🥛",30,24,"[0,136][1080,953]","YOLO, •, 7h￼, Starting $10K to $1M Challenge 🍼, Hi y’all! I have called the bottom on my last few posts on various stocks ($HOOD, $SOFI, $ASTS, $NFLX) and I don’t think I’ve been using enough leverage. Therefore, I will be buying 2-4 week OTM call options when I am 100% sure something has temporarily bottomed in addition to my typical 6 month ATM call options to see if I can pull off an @x52x. My first play will likely be Monday / Tuesday if we see a substantial dip before the rip. My mentor once said: “the only thing standing between you and your goal is the bullshit story you keep telling yourself as to why you can't achieve it” 🥛",1
,30,,30,30,,"[168,856][281,909]",30,0
,24,,24,24,,"[323,856][435,909]",24,0
,$437.6K,10h￼,"10h￼, We ArE oN tHe PrEcIpIcE oF a MaRkEt CoLlApSe, This is just the start of the bull market. We literally have years before collapse. This is 1996.",4376,10,"[0,953][1080,2052]","10h￼, We ArE oN tHe PrEcIpIcE oF a MaRkEt CoLlApSe, This is just the start of the bull market. We literally have years before collapse. This is 1996.",0
,$437.6K,,$437.6K,4376,,"[168,995][518,1048]",,0
,52,,52,52,,"[168,1954][277,2006]",52,0
,40,,40,40,,"[319,1954][433,2006]",40,0
,$530.4K,6h￼,"•, 6h￼, TRADERS: Something weird is happening in this earnings season that you need to know about., Companies are beating earnings expectations... and their stocks are FALLING. Let me break down what Charles Schwab's senior investment strategist just revealed: Companies beating EPS forecasts are underperforming the S&P 500 by 0.35% after reporting. This is the WORST spread we've seen since Q4 2020. Think about that. You do everything right as a company. Beat analyst expectations. Deliver solid numbers. And the market says ""thanks, but no thanks"" and sells off your stock anyway. Real examples from this week: Blackstone - Beat on top AND bottom line. Stock dropped Thursday. Coca-Cola - Posted a strong double-beat. Faded Wednesday. So what's really going on here? Three things I'm watching: Expectations were already sky-high going into earnings season. Good news was priced in before companies even reported. Investors are more worried about forward guidance than backward results. Q4 outlooks are introducing caution. We might be entering a new phase where solid earnings alone aren't enough. The market wants proof of SUSTAINED growth, not just one good quarter. Here's the big question for you: If beating earnings doesn't move stocks higher anymore, what's your strategy for trading through earnings season? Are you still playing earnings? Avoiding them completely? Or waiting for the post-report selloff to buy the dip? Drop your strategy below. I want to hear how you're navigating this. And if you've been burned by an earnings beat that tanked anyway, you're not alone. Comment which stock got you and let's compare notes, 13, 19",5304,6,"[0,2052][1080,2208]","•, 6h￼, TRADERS: Something weird is happening in this earnings season that you need to know about., Companies are beating earnings expectations... and their stocks are FALLING. Let me break down what Charles Schwab's senior investment strategist just revealed: Companies beating EPS forecasts are underperforming the S&P 500 by 0.35% after reporting. This is the WORST spread we've seen since Q4 2020. Think about that. You do everything right as a company. Beat analyst expectations. Deliver solid numbers. And the market says ""thanks, but no thanks"" and sells off your stock anyway. Real examples from this week: Blackstone - Beat on top AND bottom line. Stock dropped Thursday. Coca-Cola - Posted a strong double-beat. Faded Wednesday. So what's really going on here? Three things I'm watching: Expectations were already sky-high going into earnings season. Good news was priced in before companies even reported. Investors are more worried about forward guidance than backward results. Q4 outlooks are introducing caution. We might be entering a new phase where solid earnings alone aren't enough. The market wants proof of SUSTAINED growth, not just one good quarter. Here's the big question for you: If beating earnings doesn't move stocks higher anymore, what's your strategy for trading through earnings season? Are you still playing earnings? Avoiding them completely? Or waiting for the post-report selloff to buy the dip? Drop your strategy below. I want to hear how you're navigating this. And if you've been burned by an earnings beat that tanked anyway, you're not alone. Comment which stock got you and let's compare notes, 13, 19",0
,$530.4K,,RM20252029,5304,,"[168,2094][635,2147]",,0
,News,,News,,,"[168,2147][258,2195]",News,0
,3,,"10h￼, We ArE oN tHe PrEcIpIcE oF a MaRkEt CoLlApSe, This is just the start of the bull market. We literally have years before collapse. This is 1996.",52,40,"[0,136][1080,592]","10h￼, We ArE oN tHe PrEcIpIcE oF a MaRkEt CoLlApSe, This is just the start of the bull market. We literally have years before collapse. This is 1996.",1
,$530.4K,6h￼,"•, 6h￼, TRADERS: Something weird is happening in this earnings season that you need to know about., Companies are beating earnings expectations... and their stocks are FALLING. Let me break down what Charles Schwab's senior investment strategist just revealed: Companies beating EPS forecasts are underperforming the S&P 500 by 0.35% after reporting. This is the WORST spread we've seen since Q4 2020. Think about that. You do everything right as a company. Beat analyst expectations. Deliver solid numbers. And the market says ""thanks, but no thanks"" and sells off your stock anyway. Real examples from this week: Blackstone - Beat on top AND bottom line. Stock dropped Thursday. Coca-Cola - Posted a strong double-beat. Faded Wednesday. So what's really going on here? Three things I'm watching: Expectations were already sky-high going into earnings season. Good news was priced in before companies even reported. Investors are more worried about forward guidance than backward results. Q4 outlooks are introducing caution. We might be entering a new phase where solid earnings alone aren't enough. The market wants proof of SUSTAINED growth, not just one good quarter. Here's the big question for you: If beating earnings doesn't move stocks higher anymore, what's your strategy for trading through earnings season? Are you still playing earnings? Avoiding them completely? Or waiting for the post-report selloff to buy the dip? Drop your strategy below. I want to hear how you're navigating this. And if you've been burned by an earnings beat that tanked anyway, you're not alone. Comment which stock got you and let's compare notes",5304,6,"[0,592][1080,2208]","•, 6h￼, TRADERS: Something weird is happening in this earnings season that you need to know about., Companies are beating earnings expectations... and their stocks are FALLING. Let me break down what Charles Schwab's senior investment strategist just revealed: Companies beating EPS forecasts are underperforming the S&P 500 by 0.35% after reporting. This is the WORST spread we've seen since Q4 2020. Think about that. You do everything right as a company. Beat analyst expectations. Deliver solid numbers. And the market says ""thanks, but no thanks"" and sells off your stock anyway. Real examples from this week: Blackstone - Beat on top AND bottom line. Stock dropped Thursday. Coca-Cola - Posted a strong double-beat. Faded Wednesday. So what's really going on here? Three things I'm watching: Expectations were already sky-high going into earnings season. Good news was priced in before companies even reported. Investors are more worried about forward guidance than backward results. Q4 outlooks are introducing caution. We might be entering a new phase where solid earnings alone aren't enough. The market wants proof of SUSTAINED growth, not just one good quarter. Here's the big question for you: If beating earnings doesn't move stocks higher anymore, what's your strategy for trading through earnings season? Are you still playing earnings? Avoiding them completely? Or waiting for the post-report selloff to buy the dip? Drop your strategy below. I want to hear how you're navigating this. And if you've been burned by an earnings beat that tanked anyway, you're not alone. Comment which stock got you and let's compare notes",0
,13,,"News, •, 6h￼, TRADERS: Something weird is happening in this earnings season that you need to know about., Companies are beating earnings expectations... and their stocks are FALLING. Let me break down what Charles Schwab's senior investment strategist just revealed: Companies beating EPS forecasts are underperforming the S&P 500 by 0.35% after reporting. This is the WORST spread we've seen since Q4 2020. Think about that. You do everything right as a company. Beat analyst expectations. Deliver solid numbers. And the market says ""thanks, but no thanks"" and sells off your stock anyway. Real examples from this week: Blackstone - Beat on top AND bottom line. Stock dropped Thursday. Coca-Cola - Posted a strong double-beat. Faded Wednesday. So what's really going on here? Three things I'm watching: Expectations were already sky-high going into earnings season. Good news was priced in before companies even reported. Investors are more worried about forward guidance than backward results. Q4 outlooks are introducing caution. We might be entering a new phase where solid earnings alone aren't enough. The market wants proof of SUSTAINED growth, not just one good quarter. Here's the big question for you: If beating earnings doesn't move stocks higher anymore, what's your strategy for trading through earnings season? Are you still playing earnings? Avoiding them completely? Or waiting for the post-report selloff to buy the dip? Drop your strategy below. I want to hear how you're navigating this. And if you've been burned by an earnings beat that tanked anyway, you're not alone. Comment which stock got you and let's compare notes",13,19,"[0,136][1080,846]","News, •, 6h￼, TRADERS: Something weird is happening in this earnings season that you need to know about., Companies are beating earnings expectations... and their stocks are FALLING. Let me break down what Charles Schwab's senior investment strategist just revealed: Companies beating EPS forecasts are underperforming the S&P 500 by 0.35% after reporting. This is the WORST spread we've seen since Q4 2020. Think about that. You do everything right as a company. Beat analyst expectations. Deliver solid numbers. And the market says ""thanks, but no thanks"" and sells off your stock anyway. Real examples from this week: Blackstone - Beat on top AND bottom line. Stock dropped Thursday. Coca-Cola - Posted a strong double-beat. Faded Wednesday. So what's really going on here? Three things I'm watching: Expectations were already sky-high going into earnings season. Good news was priced in before companies even reported. Investors are more worried about forward guidance than backward results. Q4 outlooks are introducing caution. We might be entering a new phase where solid earnings alone aren't enough. The market wants proof of SUSTAINED growth, not just one good quarter. Here's the big question for you: If beating earnings doesn't move stocks higher anymore, what's your strategy for trading through earnings season? Are you still playing earnings? Avoiding them completely? Or waiting for the post-report selloff to buy the dip? Drop your strategy below. I want to hear how you're navigating this. And if you've been burned by an earnings beat that tanked anyway, you're not alone. Comment which stock got you and let's compare notes",1
,$8.3K,5h￼,"•, 5h￼, Tomorrow is going to be a shitshow… good luck 😬",83,5,"[0,846][1080,2171]","•, 5h￼, Tomorrow is going to be a shitshow… good luck 😬",0
,$8.3K,,The_Golden_Calf,83,,"[168,888][639,941]",,0
,DD,,DD,,,"[168,941][218,989]",DD,0
,9,,9,9,,"[168,2074][258,2127]",9,0
,22,,22,22,,"[300,2074][411,2127]",22,0
,,,"12h￼edited, Whats the truth on $BYND, Whats the truth? Have shorts not covered? Is the pump over? Is it 100% shorted or 11% shorted? And how do you know the truth? Or is it all just guesses?, 10, 40",,,"[0,2171][1080,2208]","12h￼edited, Whats the truth on $BYND, Whats the truth? Have shorts not covered? Is the pump over? Is it 100% shorted or 11% shorted? And how do you know the truth? Or is it all just guesses?, 10, 40",0
,22,,"DD, •, 5h￼, Tomorrow is going to be a shitshow… good luck 😬",9,22,"[0,136][1080,697]","DD, •, 5h￼, Tomorrow is going to be a shitshow… good luck 😬",1
,$738,12h￼edited,"12h￼edited, Whats the truth on $BYND, Whats the truth? Have shorts not covered? Is the pump over? Is it 100% shorted or 11% shorted? And how do you know the truth? Or is it all just guesses?",738,12,"[0,697][1080,1312]","12h￼edited, Whats the truth on $BYND, Whats the truth? Have shorts not covered? Is the pump over? Is it 100% shorted or 11% shorted? And how do you know the truth? Or is it all just guesses?",0
,$738,,peachsoda,738,,"[168,739][519,792]",,0
,10,,10,10,,"[168,1215][273,1268]",10,1
,ChiefTapaho,3h￼,"3h￼, We are in a bubble., The other tab is threesome rimjobs; mind your fucking business, 13, 9",3,,"[0,1312][1080,2208]","3h￼, We are in a bubble., The other tab is threesome rimjobs; mind your fucking business, 13, 9",0
,ChiefTapaho,,ChiefTapaho,,,"[168,1354][400,1407]",,0
,13,,"3h￼, We are in a bubble., The other tab is threesome rimjobs; mind your fucking business",13,9,"[0,136][1080,1235]","3h￼, We are in a bubble., The other tab is threesome rimjobs; mind your fucking business",1
,squeezekid,12h￼,"12h￼, I know we bought $ORBS really high but can we just hope this is the bottom?, 🤞, 9, 47",12,,"[0,1235][1080,2208]","12h￼, I know we bought $ORBS really high but can we just hope this is the bottom?, 🤞, 9, 47",0
,squeezekid,,squeezekid,,,"[168,1277][377,1330]",,0
,47,,"12h￼, I know we bought $ORBS really high but can we just hope this is the bottom?, 🤞",9,47,"[0,136][1080,1096]","12h￼, I know we bought $ORBS really high but can we just hope this is the bottom?, 🤞",1
,47,,47,47,,"[300,999][409,1051]",47,0
,$28.3K,12h￼,"12h￼, $GLD is my next $AAPL . I’m sad that I didn’t invest more but I’m 100% sure it will print. , I’ll average if it goes down. This is going to be my major position.",283,12,"[0,1096][1080,1742]","12h￼, $GLD is my next $AAPL . I’m sad that I didn’t invest more but I’m 100% sure it will print. , I’ll average if it goes down. This is going to be my major position.",0
,$28.3K,,Thegreek,283,,"[168,1138][529,1191]",,0
,38,,38,38,,"[168,1645][280,1697]",38,0
,Gribz,1h￼,"•, 1h￼, Bynd gains, Just a little update. I didn't take profit when it was at 6$ (it was Capy's price target) thinking it'll go way higher. After the big dip I saw the sentiment for a big squeeze declining and got out at close yesterday. Could have made 400% but due to greed got 80% profit. Lesson learned. Hedgefunds won't let another GME happen., 1, 0",1,,"[0,1742][1080,2208]","•, 1h￼, Bynd gains, Just a little update. I didn't take profit when it was at 6$ (it was Capy's price target) thinking it'll go way higher. After the big dip I saw the sentiment for a big squeeze declining and got out at close yesterday. Could have made 400% but due to greed got 80% profit. Lesson learned. Hedgefunds won't let another GME happen., 1, 0",0
,Gribz,,Gribz,,,"[168,1784][267,1837]",,0
,Gain,,Gain,,,"[168,1837][242,1885]",Gain,0
,,,"12h￼, $GLD is my next $AAPL . I’m sad that I didn’t invest more but I’m 100% sure it will print. , I’ll average if it goes down. This is going to be my major position., 38, 35, 1, 3",,,"[0,136][1080,173]","12h￼, $GLD is my next $AAPL . I’m sad that I didn’t invest more but I’m 100% sure it will print. , I’ll average if it goes down. This is going to be my major position., 38, 35, 1, 3",6
,Gribz,1h￼,"•, 1h￼, Bynd gains, Just a little update. I didn't take profit when it was at 6$ (it was Capy's price target) thinking it'll go way higher. After the big dip I saw the sentiment for a big squeeze declining and got out at close yesterday. Could have made 400% but due to greed got 80% profit. Lesson learned. Hedgefunds won't let another GME happen.",1,1,"[0,173][1080,841]","•, 1h￼, Bynd gains, Just a little update. I didn't take profit when it was at 6$ (it was Capy's price target) thinking it'll go way higher. After the big dip I saw the sentiment for a big squeeze declining and got out at close yesterday. Could have made 400% but due to greed got 80% profit. Lesson learned. Hedgefunds won't let another GME happen.",1
,Drone_Daddy,9h￼,"•, 9h￼, $ONDS trending on on stocktwits, Momentum momentum momentum that’s the name of the game. The conspiracy theorist in me finds it interesting that it went from the 11s to 6s in a week without a peep and now it’s popping up everywhere in the news, articles, etc. I wonder who loaded up on the dip 👀, 32, 8, 2, 2",9,116,"[0,841][1080,2208]","•, 9h￼, $ONDS trending on on stocktwits, Momentum momentum momentum that’s the name of the game. The conspiracy theorist in me finds it interesting that it went from the 11s to 6s in a week without a peep and now it’s popping up everywhere in the news, articles, etc. I wonder who loaded up on the dip 👀, 32, 8, 2, 2",0
,Drone_Daddy,,Drone_Daddy,,,"[168,883][464,936]",,0
