handle,primary trading style category,alpha score (0-100),follow-through percentage (of announced positions publicly closed),gain-to-loss tag ratio,posting cadence,verdict (Inferred),Source
@Rise,"Options Income / Wheel, Signal Vendor / Educator / Aggregator",71,76.1% to 90%,22.5:1 (135:6),Daily Regular (3-9/week),Legitimate macro-regime specialist with elite systematic edge; avoid speculative Tier-3 sleeve and marketing-heavy content.,"[1], [2]"
@Bobdog,"Options Income / Wheel, Momentum / Swing",74,41.8%,3.74:1 (101:27),Hyperactive Machine (27.4/week),Legitimate style for systematic wheeling and trend-riding; cautionary risks include emotional revenge-trading and call decay.,"[1], [3]"
@Tiger_,"Fundamental Quality Compounder, High-Risk / Gambler (caution)",68,27.2% to 47.5%,11.87:1,Weekly Swing (1-3/mo to 5.3/week),Legitimate fundamental analyst with high-conviction edge in moats; cautionary due to extreme concentration and zero stop-loss discipline.,"[1], [4], [5], [6]"
@DocHollywood,"Macro / Hedging, High-Risk / Gambler (caution)",61,39.0% to 57.8%,37.0:1,Weekly Swing (1-2/week to 9.6/week),Cautionary example involving scandal-adjacent bagholding and unverified claims; legitimate only as a sophisticated thematic/rotation indicator.,"[1], [7]"
@883Ismygovtname,"Options Income / Wheel, Long-Term Compounder",58,79.1%,4.0:1,Hyperactive Machine (25.0/week),Legitimate for income-exit heuristics and capital credibility; ignore P&L ledger tags and persona-driven content.,"[1], [8], [5]"
@Legitimate_Risk,"Momentum / Swing, Long-Term Compounder",58,17.8%,4.9:1,Hyperactive Machine (10.1/week),"Legitimate for dividend/quality baskets; cautionary regarding unvalidated win rates and ""ghosting"" of losing trades during drawdowns.","[1], [9], [5]"
@YungEmber,"Momentum / Swing, Concentrated Story Stock HODLER",58,0% to 39.5%,8.67:1 (448:3),Weekly Swing (1-2/week to 6.0/week),"Legitimate research trigger for catalysts, but cautionary for chasing micro-floats and catastrophic lack of exit discipline.","[1], [10]"
@internetdialup,"0DTE / Index Scalping, Long-Term Compounder",58,72.0%,17.5:1 (35:2),Occasional Swing (1-3/mo),"Legitimate maturation story with corroborated profits, but cautionary due to high selection bias and historical margin errors.","[1], [11]"
@mphinance,"Options Income / Wheel, Systematic Theta Harvester",58,47.5% to 51.6%,4.7:1 to 11.87:1,Daily Regular (13.9/week),"Legitimate systematic methodology for the Wheel, but cautionary due to high disclosure gaps and historical catastrophic drawdowns.","[1], [12], [5], [6]"
@Michael (Author),Not in source,58,51.6%,4.7:1,Not in source,"Legitimate style due to self-awareness and transparency about data gaps, though still subject to reporting bias.",[5]
@dick,"Momentum / Swing, Thematic Multibagger Hunter",51,38.9%,31:0,Occasional Swing (1-3/mo),Legitimate early thematic signal for discovery; cautionary example for risk management due to selective reporting and toxic content.,"[1], [13]"
@ALLOY,"0DTE / Index Scalping, Macro / Hedging",47,1.6% to 24.3%,60.65:1,Daily Regular (3-9/week to 22.6/week),"Cautionary example focusing on promotional content and survivorship bias; however, GEX positioning calls offer legitimate cross-validation value.","[1], [14]"
@SE83,"0DTE / Index Scalping, Event-Driven / Macro Contrarian",46,19.2%,3.75:1 (15:4),Weekly Swing (1-2/week to 3.2/week),Cautionary example for penny-stock bottom-fishing and emotional inconsistency; legitimate only as a raw feed for Form-4 insider alerts.,"[1], [15]"
@TRON,"Momentum / Swing, Thematic Discovery",46,41.7%,101.0:1,Hyperactive Machine (>1/day),Cautionary example with unreliable tags and bagholding tendencies; useful strictly as a discovery feed for thematic small-caps.,"[1], [16]"
@RoyaltyTradez,"0DTE / Index Scalping, Level-Based Index Scalper",42,33.6%,0:1,Hyperactive Machine (>1/day),Cautionary example with systemic under-reporting of losses and hindsight return claims; technical level-calling skills are sound but unverified.,"[1], [17]"
@Drone_Daddy,"Momentum / Swing, Thematic Supply Chain DD",41,47.5% to 59.4%,29.25:1 (117:4),Daily Regular (3-9/week to 16.9/week),"Legitimate research specialist for defense supply chains, but cautionary for high LEAPS concentration and monetization-driven silence.","[1], [18], [5], [6]"
@longwashere,"Momentum / Swing, Macro-Catalyst Swing Trader",41,"35.3% to 6,900% (Account 1)",5.8:1,Weekly Swing (1-2/week to 4.6/week),Cautionary concentrated bagholder with severe risk-management failures; legitimate only for elite catalyst-timing speed and rumors.,"[1], [19]"
@moloch,"Momentum / Swing, Thematic Momentum Rotator",39,0.0%,1:0,Occasional Swing (1-3/mo),"Legitimate quant-tooling enthusiast; cautionary due to extreme survivorship bias, illiquid microcaps, and silence during drawdowns.","[1], [20]"
@RM20252029,"Options Income / Wheel, High-Risk / Gambler (caution)",38,0% to 26.6%,7.17:1,Weekly Swing (1-2/week),Cautionary example of compulsive options gambling; uses wheel structure to mask massive unrealized bags and gamble-leg wipeouts.,"[1], [21]"
@ThetaMaestro,"Momentum / Swing, Signal Vendor / Educator / Aggregator",38,58.0%,2:3 to 8.25:1,Weekly Swing (1-2/week to 31/week),Cautionary example of narrative-driven discipline decay; useful for standalone options structures but avoid his fatal single-stock obsessions.,"[1], [22]"
@Trading_with_Art,"Options Income / Wheel, CSP-Wheel Income Strategy",38,39.0% to 57.6%,2:0,Weekly Swing (1-2/week),Cautionary commercially motivated educator; technical framework is sound but he abandoned trade disclosure for product marketing.,"[1], [23]"
@AtypicallyErect,"Momentum / Swing, Microcap Halt Sniper",34,22% to 25.4%,11.05:1,Daily Regular (3.05/week),Cautionary example due to lack of stop-losses and erratic margin behavior; catalyst sourcing is legitimate but execution is a terminal risk.,"[1], [24], [5]"
@Cynce,"Options Income / Wheel, Income Overwriter",34,0.0%,0.5:1,Occasional Swing (1-3/mo),Legitimate for NAV/sum-of-parts analysis; cautionary due to significant risk management failures and long disclosure blackouts.,"[1], [25]"
@Dallaslongcall,"Momentum / Swing, Thematic Momentum Long Calls",34,47.5% to 57.6%,13.0:1 (117:9),Hyperactive Machine (9.3/week),Legitimate supply-chain watchlist source; cautionary due to catastrophic overconcentration and 98% account wipeouts.,"[1], [26], [5], [6]"
@The_Golden_Calf,"0DTE / Index Scalping, Dilution Bounce Scalper",34,32.1% to 79%,3.85:1 (50:13),Occasional Swing (1-3/mo),Legitimate for profit-taking rules and thematic alerts; cautionary regarding high-variance retail gambling and naked option selling.,"[1], [27]"
@Freeballer,"0DTE / Index Scalping, Small-Cap Evangelist",33,47.5%,0:0,Hyperactive Machine (40.1/week),"Cautionary example with promotional conflicts of interest; useful for identifying potential pump names to fade, but lacks verified P&L.","[1], [28], [5], [6]"
@TheRealChad,"Signal Vendor / Educator, Copy-Trade Signal Amplifier",32,66.7%,1.84:1 (46:25),Occasional Swing (1-3/mo to 4.2/week),Cautionary bagholder of narrative micro-caps; harvest his scale-out cadence but avoid his catastrophic concentration risk.,"[1], [29]"
@MarketVictor,"Options Income / Wheel, Mechanical Premium Seller",31,47.5% to 100%,21.75:1 (172:4),Daily Regular (3-9/week to 12.17/week),Cautionary example with concealed concentration risk and misleading P&L figures; technical scorecard is reusable but use extreme caution.,"[1], [30], [5], [6]"
@SonnySide,"Signal Vendor / Educator, Thematic Momentum / IR Promoter",29,43.5%,25.5:1 (214:2),Weekly Swing (1-2/week to 3.86/week),Cautionary IR-style promoter with -90.5% drawdowns; legitimate only as a news pass-through for filings and contracts.,"[1], [31]"
@NewFishBigPond,"Momentum / Swing, Compulsive Momentum Gambler",24,37.4% to 47.5%,5.15:1 (67:13),Hyperactive Machine (17.85/week),"Cautionary example of a self-disclosed addict driven by dopamine; his 20-30% exit rule is a good template, but ignore gambling content.","[1], [32], [5], [6]"
@gr8_ripple,"Options Income / Wheel, Retail Narrative Bagholder",24,60.0%,1.0:1,Occasional Swing (1-3/mo),Cautionary novice with emotional panic-selling and stale bags; use insider catalyst data for verification but avoid his 0DTE hedges.,"[1], [33]"
@terridactil,"Momentum / Swing, Educator Momentum Narrator",24,31.8% to 47.5%,2:1,Hyperactive Machine (6.4/week),Cautionary reactive narrator with high lifestyle noise; useful only for calendar-based thematic watchlist seeding.,"[1], [34], [5], [6]"
@trynamakeit,"0DTE / Index Scalping, SPY/QQQ Day-Trader",24,1.75% to 39.5%,47:0,Hyperactive Machine (21.9/week),Cautionary example hiding near-total account wipeouts behind data blackouts; useful for early theme discovery but unreliable for P&L.,"[1], [35]"
@daren,"Momentum / Swing, Herd Sentiment Aggregator",22,8% to 23.7%,4.33:1 (13:3),Daily Regular (3-9/week to 11.1/week),"Cautionary FOMO-driven aggregator; his weekly polls are useful retail sentiment data, but he suffers from silent bag-holding.","[1], [36]"
@wallhawk,"Momentum / Swing, Retail Momentum Chaser",22,20.0% to 28%,26.0:1,Weekly Swing (1-2/week),Cautionary highlight-reel poster with extreme selection bias and ticker abandonment; useful only to identify high-alpha sources he follows.,"[1], [37]"
@browndog,"High-Risk / Gambler (caution), Catalyst Sniper",21,53.3%,5.0:1,Weekly Swing (1-2/week),Cautionary example of undisciplined gambling and 100% wipeouts; useful only for metals-timing overlays and monitoring retail AI adoption.,"[1], [38]"
@WarrenBuffett,"High-Risk / Gambler (caution), Overleveraged Macro",19,44.3% to 50%,12.3:1,Occasional Swing (1-3/mo to 10.1/week),Cautionary example of multiple account wipe-outs due to chronic over-leverage; his earnings calendars and mechanical templates are useful.,"[1], [39]"
@Mikki4Shikki,"High-Risk / Gambler (caution), Narrative Retail",18,33.3%,0.92:1 (12:13),Weekly Swing (1-2/week),Cautionary narrative bagholder with zero exit discipline; useful as a signal routing pointer but avoid mirroring her emotional dip-buying.,"[1], [40]"
@RyanLP,"Options Income / Wheel, Mechanical Premium Seller",14,73.2%,8.5:1 (0:2),Daily Regular (2.5/week to 2.98/week),"Cautionary gambler hiding massive losses via rolling; his IV framework is legitimate, but he suffered -98% verified account destruction.","[1], [41], [5], [6]"
@x52x,"Momentum / Swing, Extreme Leverage Gambler",14,0% to 52.2%,2.43:1 (17:7),Weekly Swing (1-2/week to 6.58/week),Cautionary example of boom-bust cycles and wealth destruction; useful only as a retail euphoria thermometer for momentum entries.,"[1], [42]"
@smartguyac,"Momentum / Swing, Degenerate Momentum Gambler",14,0% to 25.0%,Not in source,Occasional Swing (1-3/mo),Cautionary example of complete capital destruction due to FOMO-driven gambling; legitimate only as a pointer to better technical indicators.,"[1], [43]"
@Tradeless,"Momentum / Swing, Perma-Bear Macro Hedger",12,1.9% to 47.5%,2.0:1,Weekly Swing (1-2/week to 4.75/week),Cautionary perma-bear prone to revenge trading and 98% wipeouts; useful only as a free thematic list aggregator and screener.,"[1], [44], [5], [6]"
